{"lof_params": {"contamination": 0.031059091278356855, "n_neighbors": 18}, "lgb_params": {"max_depth": 3, "num_leaves": 127, "min_child_samples": 107, "subsample": 0.8413628089491255, "reg_alpha": 7.2433098855162035, "reg_lambda": 15.04082513251059, "colsample_bytree": 0.6169208914754447, "n_estimators": 137, "learning_rate": 0.0988255483492966}}