{"lof_params": {"contamination": 0.029370249641712146, "n_neighbors": 17}, "lgb_params": {"boosting_type": "gbdt", "max_depth": 3, "num_leaves": 69, "min_child_samples": 183, "subsample": 0.5457116717081888, "reg_alpha": 7.807494702836057, "reg_lambda": 14.385875254161983, "colsample_bytree": 0.547763293195024, "n_estimators": 251, "learning_rate": 0.19661691389212282}}