{"lof_params": {"contamination": 0.03254594940955922, "n_neighbors": 19}, "lgb_params": {"max_depth": 5, "num_leaves": 197, "min_child_samples": 20, "subsample": 0.5885110139999632, "reg_alpha": 0.060891363459119496, "reg_lambda": 19.98338244902944, "colsample_bytree": 0.7392116790094485, "n_estimators": 72, "learning_rate": 0.12801583281880333}}