{"lof_params": {"contamination": 0.0761842619366089, "n_neighbors": 17}, "lgb_params": {"boosting_type": "dart", "max_depth": 10, "num_leaves": 63, "min_child_samples": 154, "subsample": 0.6060111483491785, "reg_alpha": 11.065246374514407, "reg_lambda": 11.490151965138313, "colsample_bytree": 0.5324188792573025, "n_estimators": 44, "learning_rate": 0.13643607930585966}}