{"lof_params": {"contamination": 0.034314227536920636, "n_neighbors": 18}, "lgb_params": {"max_depth": 3, "num_leaves": 94, "min_child_samples": 61, "subsample": 0.5157535894030786, "reg_alpha": 13.17573618601431, "reg_lambda": 7.4208776281131765, "colsample_bytree": 0.6081797313411239, "n_estimators": 184, "learning_rate": 0.07008453633987294}}