{"lof_params": {"contamination": 0.04632869675944171, "n_neighbors": 18}, "lgb_params": {"boosting_type": "dart", "max_depth": 4, "num_leaves": 87, "min_child_samples": 19, "subsample": 0.42070355060679243, "reg_alpha": 2.0328050162453497, "reg_lambda": 17.190457111588763, "colsample_bytree": 0.5998053344227748, "n_estimators": 194, "learning_rate": 0.07028060041166323}}