{"lof_params": {"contamination": 0.043722132953253064, "n_neighbors": 20}, "lgb_params": {"max_depth": 18, "num_leaves": 184, "min_child_samples": 97, "subsample": 0.9197784889416794, "subsample_freq": 3, "reg_alpha": 4.702241213220377, "reg_lambda": 2.4986793103841105, "colsample_bytree": 0.72022212552951, "n_estimators": 88, "learning_rate": 0.7631064300608001}}