{"lof_params": {"contamination": 0.03183984998085359, "n_neighbors": 18}, "lgb_params": {"boosting_type": "gbdt", "max_depth": 4, "num_leaves": 37, "min_child_samples": 83, "subsample": 0.8721278054553346, "reg_alpha": 13.680651429118816, "reg_lambda": 17.022152536942208, "colsample_bytree": 0.8507563080579438, "n_estimators": 56, "learning_rate": 0.11972999401113102}}