{"lof_params": {"contamination": 0.013386033476319257, "n_neighbors": 22}, "lgb_params": {"boosting_type": "dart", "max_depth": 5, "num_leaves": 104, "min_child_samples": 176, "subsample": 0.7759570731939786, "reg_alpha": 12.34306426269275, "reg_lambda": 1.9288235080136358, "colsample_bytree": 0.5549458841928524, "n_estimators": 234, "learning_rate": 0.06825429884861836}}