{"lof_params": {"contamination": 0.04682268771445361, "n_neighbors": 21}, "lgb_params": {"max_depth": 15, "num_leaves": 112, "min_child_samples": 24, "subsample": 0.7083221467299476, "reg_alpha": 13.732232764606096, "reg_lambda": 19.206188266571036, "colsample_bytree": 0.7959122751485466, "n_estimators": 232, "learning_rate": 0.6027028415269983}}