{"lof_params": {"contamination": 0.04761954551806059, "n_neighbors": 20}, "lgb_params": {"max_depth": 5, "num_leaves": 78, "min_child_samples": 156, "subsample": 0.4343204891447593, "reg_alpha": 11.801352605508583, "reg_lambda": 13.15851191424862, "colsample_bytree": 0.9311717491592089, "n_estimators": 214, "learning_rate": 0.03992797469368639}}