{"vec_params": {"ngram_range": [1, 4], "max_features": 500}, "sgd_params": {"alpha": 0.0010651543319386272, "tol": 0.008540730175020021, "average": false}}