{"vec_params": {"ngram_range": [1, 2], "max_features": 2100}, "sgd_params": {"alpha": 0.0007312751009353761, "tol": 0.00078789985511345165, "average" : True}}
