{"vec_params": {"ngram_range": [1, 2], "max_features": 2100}, "sgd_params": {"alpha": 0.0007312751009353761, "tol": 0.0007878998551134516, "average": true}}